model,regime,feature,importance
catboost,plan_time,estimated_total_cost,15.320171436198427
catboost,plan_time,max_subtree_cost,13.140073598686362
catboost,plan_time,estimated_startup_cost,9.853165725067651
catboost,plan_time,planning_time_ms,6.843994418962406
catboost,plan_time,num_scans,5.876486037445062
catboost,plan_time,bitmap_heap_scan_count,5.4620359011094495
catboost,plan_time,estimated_rows,4.783716703875837
catboost,plan_time,index_scan_count,4.485549225534462
catboost,plan_time,aggregate_count,3.8366194436052443
catboost,plan_time,bitmap_index_scan_count,3.2583953857663546
catboost,plan_time,nested_loop_count,3.2408309467818386
catboost,plan_time,total_nodes,2.998048839778487
catboost,plan_time,num_joins,2.9601934361826645
catboost,plan_time,tree_depth,2.6513445562668867
catboost,plan_time,num_aggregates,2.6277555232924876
catboost,plan_time,hash_count,2.1719682539575818
catboost,plan_time,sort_count,2.0531776253822582
catboost,plan_time,seq_scan_count,1.742345831155366
catboost,plan_time,hash_join_count,1.3952820537106787
catboost,plan_time,gather_count,1.2682104563072418
catboost,plan_time,num_sorts,0.8890381053541911
catboost,plan_time,gather_merge_count,0.8798504175429083
catboost,plan_time,materialize_count,0.5767384144004063
catboost,plan_time,limit_count,0.5479370831954591
catboost,plan_time,merge_join_count,0.33745986017745566
catboost,plan_time,index_only_scan_count,0.28742082045473927
catboost,plan_time,root_node_type__Aggregate,0.2440562130303117
catboost,plan_time,root_node_type__Limit,0.22255667896399062
catboost,plan_time,root_node_type__Sort,0.04316364263149356
catboost,plan_time,incremental_sort_count,0.0013551567841746917
catboost,plan_time,root_node_type__Nested Loop,0.0010582083981330464
extra_trees,plan_time,estimated_startup_cost,0.10631239225020381
extra_trees,plan_time,estimated_total_cost,0.10234451652880486
extra_trees,plan_time,tree_depth,0.09521853212691345
extra_trees,plan_time,max_subtree_cost,0.09064843431140296
extra_trees,plan_time,num_joins,0.0743810463862858
extra_trees,plan_time,estimated_rows,0.05185367543263426
extra_trees,plan_time,bitmap_index_scan_count,0.0462894663204036
extra_trees,plan_time,gather_count,0.04623731691248694
extra_trees,plan_time,index_scan_count,0.045496602280741816
extra_trees,plan_time,num_scans,0.043032772007440226
extra_trees,plan_time,bitmap_heap_scan_count,0.03932492067110325
extra_trees,plan_time,planning_time_ms,0.035461133138332684
extra_trees,plan_time,total_nodes,0.035443201533720256
extra_trees,plan_time,nested_loop_count,0.02251774911187195
extra_trees,plan_time,gather_merge_count,0.020216564573039827
extra_trees,plan_time,hash_count,0.016821120909966396
extra_trees,plan_time,num_aggregates,0.01621751615721313
extra_trees,plan_time,aggregate_count,0.015822891358731838
extra_trees,plan_time,hash_join_count,0.01567932901358227
extra_trees,plan_time,root_node_type__Aggregate,0.013747105125926877
extra_trees,plan_time,seq_scan_count,0.013706530572580596
extra_trees,plan_time,materialize_count,0.011182523041903664
extra_trees,plan_time,num_sorts,0.008594904012443632
extra_trees,plan_time,limit_count,0.007756151639723375
extra_trees,plan_time,sort_count,0.007545264304700638
extra_trees,plan_time,root_node_type__Limit,0.005785225784467539
extra_trees,plan_time,root_node_type__Sort,0.0056361027787466675
extra_trees,plan_time,index_only_scan_count,0.004246224681868369
extra_trees,plan_time,merge_join_count,0.0013977746873553487
extra_trees,plan_time,root_node_type__Nested Loop,0.000658316687929457
extra_trees,plan_time,incremental_sort_count,0.00042469565747457684
gradient_boosting,plan_time,max_subtree_cost,0.2174840172785732
gradient_boosting,plan_time,estimated_total_cost,0.14961872854295868
gradient_boosting,plan_time,estimated_startup_cost,0.130532035640519
gradient_boosting,plan_time,planning_time_ms,0.08302899890433145
gradient_boosting,plan_time,estimated_rows,0.07663054494974414
gradient_boosting,plan_time,bitmap_index_scan_count,0.05261505210813119
gradient_boosting,plan_time,bitmap_heap_scan_count,0.0493681547482137
gradient_boosting,plan_time,index_scan_count,0.04739964421952984
gradient_boosting,plan_time,total_nodes,0.04518702539899062
gradient_boosting,plan_time,num_scans,0.03525826384214556
gradient_boosting,plan_time,tree_depth,0.033460115793140704
gradient_boosting,plan_time,num_aggregates,0.014274628227779501
gradient_boosting,plan_time,num_joins,0.013437801702170188
gradient_boosting,plan_time,sort_count,0.012072413431103575
gradient_boosting,plan_time,aggregate_count,0.00801224022055386
gradient_boosting,plan_time,nested_loop_count,0.005839141088995526
gradient_boosting,plan_time,seq_scan_count,0.004800289632465101
gradient_boosting,plan_time,gather_count,0.0047142837013475995
gradient_boosting,plan_time,gather_merge_count,0.004504900805967063
gradient_boosting,plan_time,num_sorts,0.003915564870528155
gradient_boosting,plan_time,materialize_count,0.003580809843439373
gradient_boosting,plan_time,root_node_type__Aggregate,0.0013987351508178115
gradient_boosting,plan_time,hash_join_count,0.0010168453556490694
gradient_boosting,plan_time,hash_count,0.0008009961983939833
gradient_boosting,plan_time,root_node_type__Limit,0.0004883464179468116
gradient_boosting,plan_time,limit_count,0.00020867495881353343
gradient_boosting,plan_time,merge_join_count,0.00013425158320556015
gradient_boosting,plan_time,index_only_scan_count,0.00011649803306060152
gradient_boosting,plan_time,root_node_type__Sort,7.27233907156725e-05
gradient_boosting,plan_time,root_node_type__Nested Loop,2.8273960769033754e-05
gradient_boosting,plan_time,incremental_sort_count,0.0
lasso,plan_time,index_scan_count,1.3666819016364986
lasso,plan_time,num_scans,0.7375693104275085
lasso,plan_time,nested_loop_count,0.7337339155938281
lasso,plan_time,sort_count,0.6622187582095787
lasso,plan_time,gather_merge_count,0.4702106930907412
lasso,plan_time,hash_join_count,0.41773373287290116
lasso,plan_time,gather_count,0.30907160629745317
lasso,plan_time,merge_join_count,0.303530963823245
lasso,plan_time,estimated_rows,0.2708579105986993
lasso,plan_time,index_only_scan_count,0.19545548532278179
lasso,plan_time,total_nodes,0.17653224447870144
lasso,plan_time,estimated_total_cost,0.16248094546337954
lasso,plan_time,root_node_type__Aggregate,0.13525150222658308
lasso,plan_time,num_aggregates,0.11423132434155328
lasso,plan_time,tree_depth,0.09164225750463949
lasso,plan_time,planning_time_ms,0.085091032938133
lasso,plan_time,root_node_type__Nested Loop,0.07440088713434641
lasso,plan_time,aggregate_count,0.0719679353836268
lasso,plan_time,root_node_type__Sort,0.03763508034445378
lasso,plan_time,bitmap_index_scan_count,0.012962999984361517
lasso,plan_time,materialize_count,0.008777667597248408
lasso,plan_time,hash_count,0.001626954462283662
lasso,plan_time,incremental_sort_count,0.0008419450524833877
lasso,plan_time,num_joins,0.0
lasso,plan_time,num_sorts,0.0
lasso,plan_time,seq_scan_count,0.0
lasso,plan_time,bitmap_heap_scan_count,0.0
lasso,plan_time,limit_count,0.0
lasso,plan_time,estimated_startup_cost,0.0
lasso,plan_time,max_subtree_cost,0.0
lasso,plan_time,root_node_type__Limit,0.0
lightgbm,plan_time,planning_time_ms,6372.0
lightgbm,plan_time,estimated_total_cost,1896.0
lightgbm,plan_time,tree_depth,1754.0
lightgbm,plan_time,total_nodes,1534.0
lightgbm,plan_time,seq_scan_count,759.0
lightgbm,plan_time,num_sorts,730.0
lightgbm,plan_time,estimated_rows,661.0
lightgbm,plan_time,num_scans,645.0
lightgbm,plan_time,index_scan_count,526.0
lightgbm,plan_time,num_aggregates,489.0
lightgbm,plan_time,hash_join_count,447.0
lightgbm,plan_time,estimated_startup_cost,350.0
lightgbm,plan_time,index_only_scan_count,293.0
lightgbm,plan_time,nested_loop_count,287.0
lightgbm,plan_time,bitmap_index_scan_count,153.0
lightgbm,plan_time,num_joins,117.0
lightgbm,plan_time,sort_count,68.0
lightgbm,plan_time,gather_merge_count,63.0
lightgbm,plan_time,root_node_type__Sort,62.0
lightgbm,plan_time,hash_count,47.0
lightgbm,plan_time,limit_count,42.0
lightgbm,plan_time,gather_count,38.0
lightgbm,plan_time,aggregate_count,35.0
lightgbm,plan_time,root_node_type__Aggregate,25.0
lightgbm,plan_time,materialize_count,24.0
lightgbm,plan_time,bitmap_heap_scan_count,23.0
lightgbm,plan_time,merge_join_count,18.0
lightgbm,plan_time,max_subtree_cost,18.0
lightgbm,plan_time,incremental_sort_count,9.0
lightgbm,plan_time,root_node_type__Limit,3.0
lightgbm,plan_time,root_node_type__Nested Loop,0.0
linear_regression,plan_time,estimated_total_cost,179.0217378034957
linear_regression,plan_time,max_subtree_cost,152.97014360095892
linear_regression,plan_time,estimated_startup_cost,25.86700293549367
linear_regression,plan_time,num_scans,2.2144962235989625
linear_regression,plan_time,index_scan_count,1.8999161545528505
linear_regression,plan_time,tree_depth,0.8096542836493045
linear_regression,plan_time,total_nodes,0.7323218925937393
linear_regression,plan_time,hash_join_count,0.4523937474310396
linear_regression,plan_time,hash_count,0.4523937474197633
linear_regression,plan_time,sort_count,0.44091044518734285
linear_regression,plan_time,seq_scan_count,0.43870790380837565
linear_regression,plan_time,estimated_rows,0.4198982816430634
linear_regression,plan_time,num_sorts,0.4079268331895364
linear_regression,plan_time,nested_loop_count,0.35329391350134076
linear_regression,plan_time,merge_join_count,0.30816209870852496
linear_regression,plan_time,bitmap_heap_scan_count,0.2818524988675217
linear_regression,plan_time,bitmap_index_scan_count,0.2818524988609092
linear_regression,plan_time,root_node_type__Nested Loop,0.19932292290483944
linear_regression,plan_time,gather_merge_count,0.19673844081755276
linear_regression,plan_time,root_node_type__Aggregate,0.14419675182464464
linear_regression,plan_time,index_only_scan_count,0.11954780574308063
linear_regression,plan_time,root_node_type__Sort,0.06669278228445748
linear_regression,plan_time,gather_count,0.06171434331824638
linear_regression,plan_time,planning_time_ms,0.035248094991447196
linear_regression,plan_time,materialize_count,0.029450441919879562
linear_regression,plan_time,limit_count,0.018211062440619485
linear_regression,plan_time,root_node_type__Limit,0.01821106243289078
linear_regression,plan_time,num_joins,0.010828336612024451
linear_regression,plan_time,incremental_sort_count,0.010096216459847427
linear_regression,plan_time,aggregate_count,0.0030495159905494984
linear_regression,plan_time,num_aggregates,0.0030495159801088223
random_forest,plan_time,max_subtree_cost,0.18125359482787518
random_forest,plan_time,estimated_total_cost,0.1763115951022532
random_forest,plan_time,estimated_startup_cost,0.15060632255729522
random_forest,plan_time,planning_time_ms,0.07102735387351886
random_forest,plan_time,estimated_rows,0.0598988751135995
random_forest,plan_time,tree_depth,0.051138474766337684
random_forest,plan_time,bitmap_heap_scan_count,0.03930025172088465
random_forest,plan_time,bitmap_index_scan_count,0.03794186036472938
random_forest,plan_time,index_scan_count,0.0364857023729727
random_forest,plan_time,total_nodes,0.036260513810614944
random_forest,plan_time,num_scans,0.030470015256696306
random_forest,plan_time,num_joins,0.019308288463791182
random_forest,plan_time,nested_loop_count,0.015989516755085666
random_forest,plan_time,seq_scan_count,0.013665486500300124
random_forest,plan_time,hash_join_count,0.008831309884141658
random_forest,plan_time,root_node_type__Aggregate,0.00814053915719509
random_forest,plan_time,hash_count,0.007434548293555359
random_forest,plan_time,gather_merge_count,0.0070894743482597215
random_forest,plan_time,sort_count,0.007041250140499584
random_forest,plan_time,root_node_type__Sort,0.00686651058668836
random_forest,plan_time,num_aggregates,0.006778991882865012
random_forest,plan_time,num_sorts,0.006194893705421894
random_forest,plan_time,aggregate_count,0.005372231489462811
random_forest,plan_time,materialize_count,0.005211707672152585
random_forest,plan_time,gather_count,0.005128181711176996
random_forest,plan_time,limit_count,0.0020761810249924906
random_forest,plan_time,root_node_type__Limit,0.0016728014664272475
random_forest,plan_time,index_only_scan_count,0.0014224033608093262
random_forest,plan_time,merge_join_count,0.0006435648606207564
random_forest,plan_time,incremental_sort_count,0.00029759784354815876
random_forest,plan_time,root_node_type__Nested Loop,0.00013996108622842728
ridge,plan_time,index_scan_count,0.7448491366293946
ridge,plan_time,seq_scan_count,0.4128676694238587
ridge,plan_time,gather_merge_count,0.3798110024788684
ridge,plan_time,nested_loop_count,0.30650124799758927
ridge,plan_time,gather_count,0.28611109381730493
ridge,plan_time,num_scans,0.2848632844146743
ridge,plan_time,hash_join_count,0.2815815091004062
ridge,plan_time,hash_count,0.2815815091003967
ridge,plan_time,sort_count,0.2812190014347725
ridge,plan_time,index_only_scan_count,0.27186783088083555
ridge,plan_time,estimated_rows,0.25472252302895704
ridge,plan_time,num_sorts,0.24407324853594425
ridge,plan_time,merge_join_count,0.14388861793087357
ridge,plan_time,bitmap_heap_scan_count,0.12933465753670914
ridge,plan_time,bitmap_index_scan_count,0.12933465753670872
ridge,plan_time,estimated_total_cost,0.1056582034047499
ridge,plan_time,total_nodes,0.10332408622694912
ridge,plan_time,max_subtree_cost,0.08697267197794327
ridge,plan_time,planning_time_ms,0.07557484124540771
ridge,plan_time,incremental_sort_count,0.07510586333743237
ridge,plan_time,num_aggregates,0.06933191972626175
ridge,plan_time,aggregate_count,0.06933191972626156
ridge,plan_time,num_joins,0.05381801242987259
ridge,plan_time,root_node_type__Aggregate,0.0523363322450458
ridge,plan_time,root_node_type__Sort,0.04821620667445694
ridge,plan_time,materialize_count,0.04603950333618928
ridge,plan_time,tree_depth,0.03642357447443483
ridge,plan_time,limit_count,0.013346023774469312
ridge,plan_time,root_node_type__Limit,0.013346023774460652
ridge,plan_time,root_node_type__Nested Loop,0.001444605771779573
ridge,plan_time,estimated_startup_cost,0.0004214777343076078
xgboost,plan_time,max_subtree_cost,0.33160293102264404
xgboost,plan_time,estimated_startup_cost,0.0971628949046135
xgboost,plan_time,bitmap_heap_scan_count,0.07415153831243515
xgboost,plan_time,estimated_total_cost,0.07353522628545761
xgboost,plan_time,bitmap_index_scan_count,0.07085573673248291
xgboost,plan_time,hash_count,0.048428114503622055
xgboost,plan_time,num_joins,0.03925993666052818
xgboost,plan_time,hash_join_count,0.036663200706243515
xgboost,plan_time,materialize_count,0.025857364758849144
xgboost,plan_time,sort_count,0.02556620165705681
xgboost,plan_time,num_scans,0.020784707739949226
xgboost,plan_time,gather_count,0.01652248576283455
xgboost,plan_time,index_scan_count,0.016461530700325966
xgboost,plan_time,num_aggregates,0.015413588844239712
xgboost,plan_time,estimated_rows,0.014614790678024292
xgboost,plan_time,total_nodes,0.01421582791954279
xgboost,plan_time,gather_merge_count,0.012874548323452473
xgboost,plan_time,root_node_type__Sort,0.012526831589639187
xgboost,plan_time,seq_scan_count,0.008469299413263798
xgboost,plan_time,limit_count,0.008232715539634228
xgboost,plan_time,index_only_scan_count,0.006660264916718006
xgboost,plan_time,incremental_sort_count,0.0063321939669549465
xgboost,plan_time,root_node_type__Aggregate,0.005643772426992655
xgboost,plan_time,nested_loop_count,0.004989785607904196
xgboost,plan_time,num_sorts,0.004069444257766008
xgboost,plan_time,tree_depth,0.003914535045623779
xgboost,plan_time,planning_time_ms,0.0030763426329940557
xgboost,plan_time,aggregate_count,0.0009981868788599968
xgboost,plan_time,merge_join_count,0.000550577649846673
xgboost,plan_time,root_node_type__Nested Loop,0.0004971877788193524
xgboost,plan_time,root_node_type__Limit,6.827763718320057e-05
catboost,post_mortem,actual_total_time_ms,31.839001674291367
catboost,post_mortem,wall_time_ms,29.63786882281201
catboost,post_mortem,sum_shared_read_blocks,12.744982649883797
catboost,post_mortem,estimated_total_cost,4.18948760239905
catboost,post_mortem,estimated_startup_cost,4.0539805528313995
catboost,post_mortem,max_subtree_cost,1.407544214300888
catboost,post_mortem,estimated_rows,1.3733601371386601
catboost,post_mortem,sum_shared_hit_blocks,1.019654728188351
catboost,post_mortem,actual_rows,0.99595032183295
catboost,post_mortem,planning_time_ms,0.9062046745300553
catboost,post_mortem,hash_join_count,0.9034844707436501
catboost,post_mortem,tree_depth,0.7948327308464657
catboost,post_mortem,sum_temp_written_blocks,0.7940701726699266
catboost,post_mortem,num_aggregates,0.755300751695074
catboost,post_mortem,sum_temp_read_blocks,0.7167179823617879
catboost,post_mortem,aggregate_count,0.6636444179679585
catboost,post_mortem,sort_count,0.6612100398714638
catboost,post_mortem,max_actual_loops,0.5659910856291169
catboost,post_mortem,num_scans,0.5000068912915903
catboost,post_mortem,merge_join_count,0.4972570645116884
catboost,post_mortem,hash_count,0.4927831341420272
catboost,post_mortem,nested_loop_count,0.4875829907682666
catboost,post_mortem,num_joins,0.4691743430120235
catboost,post_mortem,root_node_type__Aggregate,0.46599552143800904
catboost,post_mortem,parallel_worker_count,0.41415736676418946
catboost,post_mortem,bitmap_index_scan_count,0.3528215755305458
catboost,post_mortem,total_rows_removed_by_filter,0.3146100882673436
catboost,post_mortem,total_nodes,0.3062287480260378
catboost,post_mortem,num_sorts,0.27455453912374667
catboost,post_mortem,index_scan_count,0.26880885445766806
catboost,post_mortem,root_node_type__Sort,0.23833447695766596
catboost,post_mortem,index_only_scan_count,0.2281685947697538
catboost,post_mortem,bitmap_heap_scan_count,0.22468814044288699
catboost,post_mortem,seq_scan_count,0.14398521169311584
catboost,post_mortem,root_node_type__Limit,0.13617264267581994
catboost,post_mortem,gather_count,0.08334405859682212
catboost,post_mortem,gather_merge_count,0.03602603997204199
catboost,post_mortem,root_node_type__Nested Loop,0.015771897956203675
catboost,post_mortem,limit_count,0.013491280221099683
catboost,post_mortem,materialize_count,0.011913879803201839
catboost,post_mortem,incremental_sort_count,0.0008356295842985815
extra_trees,post_mortem,wall_time_ms,0.4056445627532049
extra_trees,post_mortem,actual_total_time_ms,0.39057408405918087
extra_trees,post_mortem,sum_shared_read_blocks,0.13104458198443236
extra_trees,post_mortem,estimated_startup_cost,0.01567958085625462
extra_trees,post_mortem,max_subtree_cost,0.015462117618373737
extra_trees,post_mortem,estimated_total_cost,0.01073585597191866
extra_trees,post_mortem,sum_shared_hit_blocks,0.005246862413408558
extra_trees,post_mortem,tree_depth,0.0033938986819519244
extra_trees,post_mortem,parallel_worker_count,0.0025328379293369434
extra_trees,post_mortem,sum_temp_written_blocks,0.002007574178984197
extra_trees,post_mortem,num_aggregates,0.001653429823759446
extra_trees,post_mortem,sum_temp_read_blocks,0.0015479718539134458
extra_trees,post_mortem,root_node_type__Limit,0.0014507900711086008
extra_trees,post_mortem,aggregate_count,0.0011292272492688308
extra_trees,post_mortem,materialize_count,0.0009095364645877994
extra_trees,post_mortem,gather_merge_count,0.000854832530079221
extra_trees,post_mortem,seq_scan_count,0.0007908326219972363
extra_trees,post_mortem,root_node_type__Aggregate,0.0007696269679391081
extra_trees,post_mortem,limit_count,0.0007549317500002572
extra_trees,post_mortem,bitmap_heap_scan_count,0.0007132200893982182
extra_trees,post_mortem,num_scans,0.0006724776725764907
extra_trees,post_mortem,gather_count,0.0006510665909325831
extra_trees,post_mortem,index_scan_count,0.0005878499216780323
extra_trees,post_mortem,nested_loop_count,0.0005821722781630458
extra_trees,post_mortem,num_sorts,0.0005005212967804413
extra_trees,post_mortem,actual_rows,0.0004913828547966102
extra_trees,post_mortem,num_joins,0.00048710882978737855
extra_trees,post_mortem,sort_count,0.0004460537418932679
extra_trees,post_mortem,total_rows_removed_by_filter,0.00037116793084909696
extra_trees,post_mortem,estimated_rows,0.00036447097792151854
extra_trees,post_mortem,total_nodes,0.00033799827074898297
extra_trees,post_mortem,root_node_type__Sort,0.000325615059391398
extra_trees,post_mortem,planning_time_ms,0.0002922038008591345
extra_trees,post_mortem,bitmap_index_scan_count,0.00022380394189714948
extra_trees,post_mortem,max_actual_loops,0.00021538470965010197
extra_trees,post_mortem,hash_count,0.00021025743605892588
extra_trees,post_mortem,hash_join_count,0.0002090535610432319
extra_trees,post_mortem,index_only_scan_count,9.575305020618212e-05
extra_trees,post_mortem,merge_join_count,3.3633982494046116e-05
extra_trees,post_mortem,incremental_sort_count,5.05216339007644e-06
extra_trees,post_mortem,root_node_type__Nested Loop,6.160597834727994e-07
gradient_boosting,post_mortem,wall_time_ms,0.6212677145704565
gradient_boosting,post_mortem,actual_total_time_ms,0.37685387706902884
gradient_boosting,post_mortem,max_subtree_cost,0.00045623220303984616
gradient_boosting,post_mortem,estimated_rows,0.0002687010513343572
gradient_boosting,post_mortem,planning_time_ms,0.0002627552449102807
gradient_boosting,post_mortem,num_sorts,0.00020480164151533245
gradient_boosting,post_mortem,index_scan_count,0.00020073831098552246
gradient_boosting,post_mortem,num_scans,0.00016822104234752593
gradient_boosting,post_mortem,sort_count,0.00010670144166062147
gradient_boosting,post_mortem,total_nodes,9.218858123471554e-05
gradient_boosting,post_mortem,seq_scan_count,6.681829918378393e-05
gradient_boosting,post_mortem,sum_shared_hit_blocks,2.315991078199617e-05
gradient_boosting,post_mortem,sum_shared_read_blocks,1.7416999049947012e-05
gradient_boosting,post_mortem,actual_rows,5.482511820036933e-06
gradient_boosting,post_mortem,nested_loop_count,1.3971320905644357e-06
gradient_boosting,post_mortem,estimated_startup_cost,1.29346144655864e-06
gradient_boosting,post_mortem,max_actual_loops,8.43433602972356e-07
gradient_boosting,post_mortem,estimated_total_cost,6.452712829452095e-07
gradient_boosting,post_mortem,total_rows_removed_by_filter,2.245969172174833e-07
gradient_boosting,post_mortem,parallel_worker_count,1.5370252175693783e-07
gradient_boosting,post_mortem,materialize_count,1.1971345302537296e-07
gradient_boosting,post_mortem,num_aggregates,1.1969331239010301e-07
gradient_boosting,post_mortem,aggregate_count,8.524855700698358e-08
gradient_boosting,post_mortem,tree_depth,4.667660768404959e-08
gradient_boosting,post_mortem,gather_count,4.48806836334911e-08
gradient_boosting,post_mortem,sum_temp_written_blocks,4.3462920354907405e-08
gradient_boosting,post_mortem,sum_temp_read_blocks,3.51309875446615e-08
gradient_boosting,post_mortem,gather_merge_count,3.387693136498076e-08
gradient_boosting,post_mortem,hash_count,3.234388113324545e-08
gradient_boosting,post_mortem,bitmap_heap_scan_count,2.3688206604547773e-08
gradient_boosting,post_mortem,num_joins,1.3790796296973563e-08
gradient_boosting,post_mortem,root_node_type__Nested Loop,1.3562268527727227e-08
gradient_boosting,post_mortem,root_node_type__Sort,7.832324645755029e-09
gradient_boosting,post_mortem,hash_join_count,4.876454595882166e-09
gradient_boosting,post_mortem,root_node_type__Aggregate,4.145945074752765e-09
gradient_boosting,post_mortem,merge_join_count,2.2213837633797907e-09
gradient_boosting,post_mortem,index_only_scan_count,1.1135862507400499e-09
gradient_boosting,post_mortem,limit_count,4.2998656668891647e-10
gradient_boosting,post_mortem,root_node_type__Limit,4.2706833670611495e-10
gradient_boosting,post_mortem,bitmap_index_scan_count,2.8020708923227343e-10
gradient_boosting,post_mortem,incremental_sort_count,1.2922673302719232e-10
lasso,post_mortem,sum_temp_read_blocks,2.03566009746017
lasso,post_mortem,sum_temp_written_blocks,1.832143977986431
lasso,post_mortem,actual_total_time_ms,1.0589180745710136
lasso,post_mortem,total_nodes,0.7429463593971358
lasso,post_mortem,num_scans,0.5792525867122947
lasso,post_mortem,estimated_rows,0.41367257218666303
lasso,post_mortem,tree_depth,0.2887523803430596
lasso,post_mortem,nested_loop_count,0.28162008610472533
lasso,post_mortem,sum_shared_hit_blocks,0.2605672766214327
lasso,post_mortem,max_actual_loops,0.19784711401748165
lasso,post_mortem,seq_scan_count,0.15762354915469282
lasso,post_mortem,materialize_count,0.1556448777010625
lasso,post_mortem,root_node_type__Sort,0.14990492090898347
lasso,post_mortem,wall_time_ms,0.14579321670465756
lasso,post_mortem,bitmap_index_scan_count,0.12392363698013524
lasso,post_mortem,root_node_type__Nested Loop,0.09861885612584685
lasso,post_mortem,index_only_scan_count,0.08215852718652243
lasso,post_mortem,planning_time_ms,0.08029795519603783
lasso,post_mortem,num_aggregates,0.07774748595858236
lasso,post_mortem,estimated_total_cost,0.054051678381439545
lasso,post_mortem,incremental_sort_count,0.04821733058464919
lasso,post_mortem,sum_shared_read_blocks,0.036893703931437705
lasso,post_mortem,parallel_worker_count,0.035725017603916026
lasso,post_mortem,aggregate_count,0.03314787807874831
lasso,post_mortem,actual_rows,0.03244374568328492
lasso,post_mortem,num_sorts,0.029516227751951455
lasso,post_mortem,total_rows_removed_by_filter,0.025566767136258224
lasso,post_mortem,gather_count,0.01588445026760679
lasso,post_mortem,root_node_type__Limit,0.007149200705819769
lasso,post_mortem,limit_count,0.0029662672972434693
lasso,post_mortem,bitmap_heap_scan_count,5.161372606449537e-14
lasso,post_mortem,num_joins,0.0
lasso,post_mortem,index_scan_count,0.0
lasso,post_mortem,hash_join_count,0.0
lasso,post_mortem,merge_join_count,0.0
lasso,post_mortem,sort_count,0.0
lasso,post_mortem,hash_count,0.0
lasso,post_mortem,gather_merge_count,0.0
lasso,post_mortem,estimated_startup_cost,0.0
lasso,post_mortem,max_subtree_cost,0.0
lasso,post_mortem,root_node_type__Aggregate,0.0
lightgbm,post_mortem,actual_total_time_ms,3658.0
lightgbm,post_mortem,planning_time_ms,3065.0
lightgbm,post_mortem,sum_shared_read_blocks,1338.0
lightgbm,post_mortem,sum_shared_hit_blocks,1222.0
lightgbm,post_mortem,estimated_total_cost,900.0
lightgbm,post_mortem,total_nodes,786.0
lightgbm,post_mortem,tree_depth,655.0
lightgbm,post_mortem,total_rows_removed_by_filter,643.0
lightgbm,post_mortem,wall_time_ms,505.0
lightgbm,post_mortem,sum_temp_written_blocks,461.0
lightgbm,post_mortem,sum_temp_read_blocks,428.0
lightgbm,post_mortem,estimated_rows,350.0
lightgbm,post_mortem,actual_rows,330.0
lightgbm,post_mortem,seq_scan_count,297.0
lightgbm,post_mortem,index_scan_count,265.0
lightgbm,post_mortem,hash_join_count,259.0
lightgbm,post_mortem,max_actual_loops,249.0
lightgbm,post_mortem,num_sorts,245.0
lightgbm,post_mortem,num_scans,190.0
lightgbm,post_mortem,num_aggregates,172.0
lightgbm,post_mortem,gather_count,131.0
lightgbm,post_mortem,estimated_startup_cost,121.0
lightgbm,post_mortem,nested_loop_count,112.0
lightgbm,post_mortem,bitmap_index_scan_count,79.0
lightgbm,post_mortem,gather_merge_count,50.0
lightgbm,post_mortem,root_node_type__Aggregate,34.0
lightgbm,post_mortem,hash_count,30.0
lightgbm,post_mortem,parallel_worker_count,30.0
lightgbm,post_mortem,root_node_type__Nested Loop,30.0
lightgbm,post_mortem,num_joins,22.0
lightgbm,post_mortem,aggregate_count,21.0
lightgbm,post_mortem,index_only_scan_count,20.0
lightgbm,post_mortem,root_node_type__Sort,19.0
lightgbm,post_mortem,limit_count,17.0
lightgbm,post_mortem,merge_join_count,15.0
lightgbm,post_mortem,sort_count,13.0
lightgbm,post_mortem,bitmap_heap_scan_count,5.0
lightgbm,post_mortem,materialize_count,3.0
lightgbm,post_mortem,incremental_sort_count,0.0
lightgbm,post_mortem,max_subtree_cost,0.0
lightgbm,post_mortem,root_node_type__Limit,0.0
linear_regression,post_mortem,estimated_total_cost,132.75120999164417
linear_regression,post_mortem,wall_time_ms,119.7843699821984
linear_regression,post_mortem,actual_total_time_ms,118.68454135369268
linear_regression,post_mortem,estimated_startup_cost,74.54450328121429
linear_regression,post_mortem,max_subtree_cost,58.14386372679499
linear_regression,post_mortem,estimated_rows,3.016585130973303
linear_regression,post_mortem,sum_temp_read_blocks,2.679612899997646
linear_regression,post_mortem,sum_temp_written_blocks,2.4902282776368034
linear_regression,post_mortem,total_nodes,2.4658015638363127
linear_regression,post_mortem,num_scans,1.5894427224263048
linear_regression,post_mortem,actual_rows,0.7964473359680173
linear_regression,post_mortem,seq_scan_count,0.6527352796439481
linear_regression,post_mortem,tree_depth,0.5326359544841338
linear_regression,post_mortem,hash_count,0.4294163723003013
linear_regression,post_mortem,hash_join_count,0.4294163722854103
linear_regression,post_mortem,num_joins,0.36382472006145883
linear_regression,post_mortem,index_only_scan_count,0.27273315530208364
linear_regression,post_mortem,planning_time_ms,0.23402004412081087
linear_regression,post_mortem,root_node_type__Sort,0.222789958611384
linear_regression,post_mortem,num_aggregates,0.20352530950620096
linear_regression,post_mortem,aggregate_count,0.2035253094967181
linear_regression,post_mortem,sum_shared_read_blocks,0.20091185412498958
linear_regression,post_mortem,bitmap_heap_scan_count,0.17474404161731139
linear_regression,post_mortem,bitmap_index_scan_count,0.17474404161649265
linear_regression,post_mortem,sum_shared_hit_blocks,0.16950449553443347
linear_regression,post_mortem,max_actual_loops,0.16920935466529027
linear_regression,post_mortem,merge_join_count,0.16684819409793417
linear_regression,post_mortem,sort_count,0.16116142675470077
linear_regression,post_mortem,root_node_type__Aggregate,0.13932804906676372
linear_regression,post_mortem,root_node_type__Nested Loop,0.13181451888481385
linear_regression,post_mortem,num_sorts,0.1241060952817645
linear_regression,post_mortem,incremental_sort_count,0.12286320481927981
linear_regression,post_mortem,root_node_type__Limit,0.11439576081111008
linear_regression,post_mortem,limit_count,0.1143957608025736
linear_regression,post_mortem,materialize_count,0.07782018687564336
linear_regression,post_mortem,parallel_worker_count,0.05797518002935573
linear_regression,post_mortem,total_rows_removed_by_filter,0.05664625475714761
linear_regression,post_mortem,gather_count,0.05168145763975372
linear_regression,post_mortem,index_scan_count,0.029798315681236906
linear_regression,post_mortem,nested_loop_count,0.01694629379164715
linear_regression,post_mortem,gather_merge_count,0.002255489051375914
random_forest,post_mortem,actual_total_time_ms,0.49005102218416696
random_forest,post_mortem,wall_time_ms,0.488247464564336
random_forest,post_mortem,sum_shared_read_blocks,0.00469567186238339
random_forest,post_mortem,estimated_startup_cost,0.0035035964803161465
random_forest,post_mortem,estimated_total_cost,0.0029071649964608295
random_forest,post_mortem,max_subtree_cost,0.002845851732852324
random_forest,post_mortem,planning_time_ms,0.0010393339522625684
random_forest,post_mortem,estimated_rows,0.0010034767564919304
random_forest,post_mortem,sum_shared_hit_blocks,0.0006660664837287573
random_forest,post_mortem,total_rows_removed_by_filter,0.0004302100548493041
random_forest,post_mortem,total_nodes,0.00037512649003207746
random_forest,post_mortem,actual_rows,0.00035002140478499583
random_forest,post_mortem,index_scan_count,0.00034316089426785195
random_forest,post_mortem,seq_scan_count,0.0003246650233319335
random_forest,post_mortem,max_actual_loops,0.0003153848351087938
random_forest,post_mortem,nested_loop_count,0.0002811288848607504
random_forest,post_mortem,aggregate_count,0.00022308377735963438
random_forest,post_mortem,hash_join_count,0.0002229539932565452
random_forest,post_mortem,sort_count,0.00022168330802100966
random_forest,post_mortem,num_scans,0.00021747866519308937
random_forest,post_mortem,num_sorts,0.00019212047969779144
random_forest,post_mortem,hash_count,0.00017349003083328712
random_forest,post_mortem,tree_depth,0.00015247997383318807
random_forest,post_mortem,limit_count,0.00013834323758527976
random_forest,post_mortem,sum_temp_written_blocks,0.00013681080090507773
random_forest,post_mortem,bitmap_heap_scan_count,0.00011001451602651722
random_forest,post_mortem,num_aggregates,0.00010277520442481015
random_forest,post_mortem,root_node_type__Aggregate,0.00010073737730845386
random_forest,post_mortem,num_joins,9.545923369307269e-05
random_forest,post_mortem,gather_count,9.23201574962742e-05
random_forest,post_mortem,sum_temp_read_blocks,9.196274070549729e-05
random_forest,post_mortem,gather_merge_count,8.532920388797674e-05
random_forest,post_mortem,root_node_type__Limit,7.798166886177166e-05
random_forest,post_mortem,parallel_worker_count,6.5476032846417e-05
random_forest,post_mortem,bitmap_index_scan_count,4.868697908000755e-05
random_forest,post_mortem,root_node_type__Sort,3.498341962977489e-05
random_forest,post_mortem,index_only_scan_count,2.312074180682859e-05
random_forest,post_mortem,merge_join_count,6.206938525074143e-06
random_forest,post_mortem,incremental_sort_count,5.4780805043925935e-06
random_forest,post_mortem,materialize_count,1.3799703437483164e-06
random_forest,post_mortem,root_node_type__Nested Loop,2.968679397434356e-07
ridge,post_mortem,wall_time_ms,0.5198602593494969
ridge,post_mortem,actual_total_time_ms,0.5183980498559723
ridge,post_mortem,sum_temp_read_blocks,0.28645587752891033
ridge,post_mortem,estimated_rows,0.23752497617346915
ridge,post_mortem,total_nodes,0.20351658178991738
ridge,post_mortem,nested_loop_count,0.15895565699886163
ridge,post_mortem,materialize_count,0.14202060895962257
ridge,post_mortem,num_scans,0.14048179354787968
ridge,post_mortem,tree_depth,0.13973897395305826
ridge,post_mortem,sum_temp_written_blocks,0.13872486830579903
ridge,post_mortem,seq_scan_count,0.129006848771588
ridge,post_mortem,sum_shared_hit_blocks,0.12565994124049784
ridge,post_mortem,num_joins,0.12114106559152955
ridge,post_mortem,index_only_scan_count,0.11776308923712281
ridge,post_mortem,root_node_type__Nested Loop,0.08641006530636297
ridge,post_mortem,planning_time_ms,0.08170393194493002
ridge,post_mortem,parallel_worker_count,0.0801812467411406
ridge,post_mortem,root_node_type__Sort,0.07826784017743614
ridge,post_mortem,root_node_type__Aggregate,0.07263863914749737
ridge,post_mortem,aggregate_count,0.0698629070929759
ridge,post_mortem,num_aggregates,0.06986290709297549
ridge,post_mortem,max_actual_loops,0.06873493391123962
ridge,post_mortem,actual_rows,0.0685939394669943
ridge,post_mortem,gather_count,0.06174768133490524
ridge,post_mortem,incremental_sort_count,0.046798274952749595
ridge,post_mortem,bitmap_heap_scan_count,0.046702565270022006
ridge,post_mortem,bitmap_index_scan_count,0.04670256527002008
ridge,post_mortem,index_scan_count,0.038689024081980786
ridge,post_mortem,estimated_total_cost,0.03475002890938735
ridge,post_mortem,sum_shared_read_blocks,0.032087830549225226
ridge,post_mortem,limit_count,0.02942736885615752
ridge,post_mortem,root_node_type__Limit,0.02942736885615481
ridge,post_mortem,merge_join_count,0.023914799424286082
ridge,post_mortem,max_subtree_cost,0.02366895685744327
ridge,post_mortem,estimated_startup_cost,0.020098360696716288
ridge,post_mortem,num_sorts,0.01353823044085627
ridge,post_mortem,total_rows_removed_by_filter,0.011831224451784746
ridge,post_mortem,gather_merge_count,0.006676795506165016
ridge,post_mortem,sort_count,0.004663762443271541
ridge,post_mortem,hash_join_count,0.0006689481597146211
ridge,post_mortem,hash_count,0.0006689481597131845
xgboost,post_mortem,actual_total_time_ms,0.28318333625793457
xgboost,post_mortem,estimated_total_cost,0.19719845056533813
xgboost,post_mortem,sum_shared_read_blocks,0.19481544196605682
xgboost,post_mortem,num_aggregates,0.1128026470541954
xgboost,post_mortem,actual_rows,0.08749105036258698
xgboost,post_mortem,num_scans,0.03442828357219696
xgboost,post_mortem,estimated_rows,0.024975642561912537
xgboost,post_mortem,sum_temp_read_blocks,0.011282949708402157
xgboost,post_mortem,wall_time_ms,0.008540131151676178
xgboost,post_mortem,num_sorts,0.008306773379445076
xgboost,post_mortem,materialize_count,0.00807588268071413
xgboost,post_mortem,total_rows_removed_by_filter,0.006768637336790562
xgboost,post_mortem,sum_shared_hit_blocks,0.006514155305922031
xgboost,post_mortem,tree_depth,0.006482030730694532
xgboost,post_mortem,seq_scan_count,0.0049557676538825035
xgboost,post_mortem,estimated_startup_cost,0.001234696595929563
xgboost,post_mortem,total_nodes,0.0011174156097695231
xgboost,post_mortem,index_scan_count,0.0004200570401735604
xgboost,post_mortem,hash_join_count,0.00025703536812216043
xgboost,post_mortem,planning_time_ms,0.00025625404668971896
xgboost,post_mortem,root_node_type__Aggregate,0.00018094325787387788
xgboost,post_mortem,index_only_scan_count,0.0001387333613820374
xgboost,post_mortem,limit_count,0.00013776920968666673
xgboost,post_mortem,bitmap_heap_scan_count,0.00010225128062302247
xgboost,post_mortem,bitmap_index_scan_count,8.415960473939776e-05
xgboost,post_mortem,root_node_type__Sort,8.075101504800841e-05
xgboost,post_mortem,hash_count,3.95357892557513e-05
xgboost,post_mortem,gather_count,3.0297898774733767e-05
xgboost,post_mortem,merge_join_count,2.646255961735733e-05
xgboost,post_mortem,incremental_sort_count,1.5896428521955386e-05
xgboost,post_mortem,max_actual_loops,1.4570357961929403e-05
xgboost,post_mortem,gather_merge_count,1.3638819837069605e-05
xgboost,post_mortem,sum_temp_written_blocks,8.641314707347192e-06
xgboost,post_mortem,nested_loop_count,8.017588697839528e-06
xgboost,post_mortem,sort_count,3.317054279250442e-06
xgboost,post_mortem,num_joins,3.1232677883963333e-06
xgboost,post_mortem,aggregate_count,2.3084962776920293e-06
xgboost,post_mortem,parallel_worker_count,2.1552000362135004e-06
xgboost,post_mortem,max_subtree_cost,7.589088113491016e-07
xgboost,post_mortem,root_node_type__Limit,0.0
xgboost,post_mortem,root_node_type__Nested Loop,0.0
