p_promo_sk|p_promo_id|p_start_date_sk|p_end_date_sk|p_item_sk|p_cost|p_response_target|p_promo_name|p_channel_dmail|p_channel_email|p_channel_catalog|p_channel_tv|p_channel_radio|p_channel_press|p_channel_event|p_channel_demo|p_channel_details|p_purpose|p_discount_active
1|AAAAAAAABAAAAAAA|2450164|2450185|1022|1000.00|1|ought|Y|N|N|N|N|N|N|N|Men will not say merely. Old, available |Unknown|N
2|AAAAAAAACAAAAAAA|2450118|2450150|610|1000.00|1|able|Y|N|N|N|N|N|N|N|Keen ways speak measurements. Futur|Unknown|N
3|AAAAAAAADAAAAAAA|2450675|2450712|43|1000.00|1|pri|Y|N|N|N|N|N|N|N|At all rich attempts achieve possible, certain mat|Unknown|N
4|AAAAAAAAEAAAAAAA|2450633|2450646|794|1000.00|1|ese|N|N|N|N|N|N|N|N|Royal, available groups might lose |Unknown|N
5|AAAAAAAAFAAAAAAA|2450347|2450357|1255|1000.00|1|anti|N|N|N|N|N|N|N|N|Clothes channel diplomatic, other women. Selecti|Unknown|N
6|AAAAAAAAGAAAAAAA|2450516|2450561|464|1000.00|1|cally|N|N|N|N|N|N|N|N|Large, light states used to see. Chemical pieces would g|Unknown|N
7|AAAAAAAAHAAAAAAA|2450123|2450132|127|1000.00|1|ation|N|N|N|N|N|N|N|N|Principles go final, classical consumers; civil, final legs |Unknown|N
8|AAAAAAAAIAAAAAAA|2450350|2450409|304|1000.00|1|eing|Y|N|N|N|N|N|N|N|Numerous women could not increase so |Unknown|N
9|AAAAAAAAJAAAAAAA|2450192|2450248|1639|1000.00|1|n st|Y|N|N|N|N|N|N|N|Angry years might not see narrowly dail|Unknown|N
10|AAAAAAAAKAAAAAAA|2450324|2450365|1514|1000.00|1|bar|N|N|N|N|N|N|N|N|Precisely simple mana|Unknown|N
11|AAAAAAAALAAAAAAA||||1000.00||ought|||||N||N|N|Whole, particular women|Unknown|N
12|AAAAAAAAMAAAAAAA|2450153|2450169|1288|1000.00|1|able|N|N|N|N|N|N|N|N|National, quick miles go significant males. Pl|Unknown|N
13|AAAAAAAANAAAAAAA|2450316|2450365|554|1000.00|1|pri|N|N|N|N|N|N|N|N|Human reforms extend only growing|Unknown|N
14|AAAAAAAAOAAAAAAA|2450236|2450282|80|1000.00|1|ese|N|N|N|N|N|N|N|N|Significant, short consequences give more really o|Unknown|N
15|AAAAAAAAPAAAAAAA||||1000.00||anti|Y||N|N||N|N|N|Social sections increase of course me|Unknown|N
16|AAAAAAAAABAAAAAA|2450342|2450351|1099|1000.00|1|cally|Y|N|N|N|N|N|N|N|Lives would get before a candidates. Always emotion|Unknown|N
17|AAAAAAAABBAAAAAA|2450360|2450406|1129|1000.00|1|ation|Y|N|N|N|N|N|N|N|Dollars pay too need|Unknown|N
18|AAAAAAAACBAAAAAA|2450581|2450592|1399|1000.00|1|eing|Y|N|N|N|N|N|N|N|Provisions choose. Matters update also. Legal|Unknown|N
19|AAAAAAAADBAAAAAA|2450623|2450640|1585|1000.00|1|n st|N|N|N|N|N|N|N|N|Long urban newspapers use to a eyeb|Unknown|N
20|AAAAAAAAEBAAAAAA|2450531|2450545|1660|1000.00|1|bar|Y|N|N|N|N|N|N|N|About final properties receive. Ach|Unknown|N
21|AAAAAAAAFBAAAAAA|2450895|2450904|32|1000.00|1|ought|N|N|N|N|N|N|N|N|Other songs may become. Jud|Unknown|N
22|AAAAAAAAGBAAAAAA|2450596|2450629|844|1000.00|1|able|Y|N|N|N|N|N|N|N|Around financial feelings may|Unknown|N
23|AAAAAAAAHBAAAAAA|2450478|2450493|721|1000.00|1|pri|N|N|N|N|N|N|N|N|Worthwhile police must not see british, inte|Unknown|N
24|AAAAAAAAIBAAAAAA|2450719|2450773|1204|1000.00|1|ese|Y|N|N|N|N|N|N|N|Victorian, scottish performances manage ever public positi|Unknown|N
25|AAAAAAAAJBAAAAAA|2450757|2450780|128|1000.00|1|anti|Y|N|N|N|N|N|N|N|Very, unusual connections fall|Unknown|N
26|AAAAAAAAKBAAAAAA|2450528|2450545|1400|1000.00|1|cally|N|N|N|N|N|N|N|N|Fit doubts ought to attack ver|Unknown|N
27|AAAAAAAALBAAAAAA|2450849|2450879|1021|1000.00|1|ation|Y|N|N|N|N|N|N|N|Together young records would catch probably comprehens|Unknown|N
28|AAAAAAAAMBAAAAAA|2450816|2450856|85||1||N|N|N|N|N||N|N|Essential, valid institutions lead. Due, young|Unknown|
29|AAAAAAAANBAAAAAA|2450696|2450732|260|1000.00|1|n st|Y|N|N|N|N|N|N|N|Pleased powers must note. American areas bec|Unknown|N
30|AAAAAAAAOBAAAAAA|2450718|2450762|187|1000.00|1|bar|N|N|N|N|N|N|N|N|Normal plans put plates; about irish feature|Unknown|N
